"","year","edu_HDip_only","age_HDip_only","rate_HDip_only","age_range_HDip_only","edu_BAcHigher","age_BAcHigher","rate_BAcHigher","age_range_BAcHigher"
"1",1960,"HS","2534",0.109533164351255,"25 to 34","BAo","2534",0.238995227752286,"25 to 34"
"2",1960,"HS","2534",0.109533164351255,"25 to 34","BAo","3544",0.132626470652928,"35 to 44"
"3",1960,"HS","2534",0.109533164351255,"25 to 34","BAo","4554",0.15360888530434,"45 to 54"
"4",1960,"HS","2534",0.109533164351255,"25 to 34","BAp","2534",0.238995227752286,"25 to 34"
"5",1960,"HS","2534",0.109533164351255,"25 to 34","BAp","3544",0.132626470652928,"35 to 44"
"6",1960,"HS","2534",0.109533164351255,"25 to 34","BAp","4554",0.15360888530434,"45 to 54"
"7",1960,"HS","3544",0.0686030915299326,"35 to 44","BAo","2534",0.238995227752286,"25 to 34"
"8",1960,"HS","3544",0.0686030915299326,"35 to 44","BAo","3544",0.132626470652928,"35 to 44"
"9",1960,"HS","3544",0.0686030915299326,"35 to 44","BAo","4554",0.15360888530434,"45 to 54"
"10",1960,"HS","3544",0.0686030915299326,"35 to 44","BAp","2534",0.238995227752286,"25 to 34"
"11",1960,"HS","3544",0.0686030915299326,"35 to 44","BAp","3544",0.132626470652928,"35 to 44"
"12",1960,"HS","3544",0.0686030915299326,"35 to 44","BAp","4554",0.15360888530434,"45 to 54"
"13",1960,"HS","4554",0.0684079151982292,"45 to 54","BAo","2534",0.238995227752286,"25 to 34"
"14",1960,"HS","4554",0.0684079151982292,"45 to 54","BAo","3544",0.132626470652928,"35 to 44"
"15",1960,"HS","4554",0.0684079151982292,"45 to 54","BAo","4554",0.15360888530434,"45 to 54"
"16",1960,"HS","4554",0.0684079151982292,"45 to 54","BAp","2534",0.238995227752286,"25 to 34"
"17",1960,"HS","4554",0.0684079151982292,"45 to 54","BAp","3544",0.132626470652928,"35 to 44"
"18",1960,"HS","4554",0.0684079151982292,"45 to 54","BAp","4554",0.15360888530434,"45 to 54"
"19",1970,"HS","2534",0.10940002390343,"25 to 34","BAo","2534",0.218703096762337,"25 to 34"
"20",1970,"HS","2534",0.10940002390343,"25 to 34","BAo","3544",0.111689880345752,"35 to 44"
"21",1970,"HS","2534",0.10940002390343,"25 to 34","BAo","4554",0.104660466046605,"45 to 54"
"22",1970,"HS","2534",0.10940002390343,"25 to 34","BAp","2534",0.218703096762337,"25 to 34"
"23",1970,"HS","2534",0.10940002390343,"25 to 34","BAp","3544",0.111689880345752,"35 to 44"
"24",1970,"HS","2534",0.10940002390343,"25 to 34","BAp","4554",0.104660466046605,"45 to 54"
"25",1970,"HS","3544",0.0651196369636964,"35 to 44","BAo","2534",0.218703096762337,"25 to 34"
"26",1970,"HS","3544",0.0651196369636964,"35 to 44","BAo","3544",0.111689880345752,"35 to 44"
"27",1970,"HS","3544",0.0651196369636964,"35 to 44","BAo","4554",0.104660466046605,"45 to 54"
"28",1970,"HS","3544",0.0651196369636964,"35 to 44","BAp","2534",0.218703096762337,"25 to 34"
"29",1970,"HS","3544",0.0651196369636964,"35 to 44","BAp","3544",0.111689880345752,"35 to 44"
"30",1970,"HS","3544",0.0651196369636964,"35 to 44","BAp","4554",0.104660466046605,"45 to 54"
"31",1970,"HS","4554",0.0583343860362166,"45 to 54","BAo","2534",0.218703096762337,"25 to 34"
"32",1970,"HS","4554",0.0583343860362166,"45 to 54","BAo","3544",0.111689880345752,"35 to 44"
"33",1970,"HS","4554",0.0583343860362166,"45 to 54","BAo","4554",0.104660466046605,"45 to 54"
"34",1970,"HS","4554",0.0583343860362166,"45 to 54","BAp","2534",0.218703096762337,"25 to 34"
"35",1970,"HS","4554",0.0583343860362166,"45 to 54","BAp","3544",0.111689880345752,"35 to 44"
"36",1970,"HS","4554",0.0583343860362166,"45 to 54","BAp","4554",0.104660466046605,"45 to 54"
"37",1980,"HS","2534",0.16173134437427,"25 to 34","BAo","2534",0.288164620190605,"25 to 34"
"38",1980,"HS","2534",0.16173134437427,"25 to 34","BAo","3544",0.105610210050518,"35 to 44"
"39",1980,"HS","2534",0.16173134437427,"25 to 34","BAo","4554",0.0862377442209976,"45 to 54"
"40",1980,"HS","2534",0.16173134437427,"25 to 34","BAp","2534",0.288164620190605,"25 to 34"
"41",1980,"HS","2534",0.16173134437427,"25 to 34","BAp","3544",0.105610210050518,"35 to 44"
"42",1980,"HS","2534",0.16173134437427,"25 to 34","BAp","4554",0.0862377442209976,"45 to 54"
"43",1980,"HS","3544",0.0642910182194713,"35 to 44","BAo","2534",0.288164620190605,"25 to 34"
"44",1980,"HS","3544",0.0642910182194713,"35 to 44","BAo","3544",0.105610210050518,"35 to 44"
"45",1980,"HS","3544",0.0642910182194713,"35 to 44","BAo","4554",0.0862377442209976,"45 to 54"
"46",1980,"HS","3544",0.0642910182194713,"35 to 44","BAp","2534",0.288164620190605,"25 to 34"
"47",1980,"HS","3544",0.0642910182194713,"35 to 44","BAp","3544",0.105610210050518,"35 to 44"
"48",1980,"HS","3544",0.0642910182194713,"35 to 44","BAp","4554",0.0862377442209976,"45 to 54"
"49",1980,"HS","4554",0.0503656291012048,"45 to 54","BAo","2534",0.288164620190605,"25 to 34"
"50",1980,"HS","4554",0.0503656291012048,"45 to 54","BAo","3544",0.105610210050518,"35 to 44"
"51",1980,"HS","4554",0.0503656291012048,"45 to 54","BAo","4554",0.0862377442209976,"45 to 54"
"52",1980,"HS","4554",0.0503656291012048,"45 to 54","BAp","2534",0.288164620190605,"25 to 34"
"53",1980,"HS","4554",0.0503656291012048,"45 to 54","BAp","3544",0.105610210050518,"35 to 44"
"54",1980,"HS","4554",0.0503656291012048,"45 to 54","BAp","4554",0.0862377442209976,"45 to 54"
"55",1990,"HS","2534",0.277749135455863,"25 to 34","BAo","2534",0.365665464230391,"25 to 34"
"56",1990,"HS","2534",0.277749135455863,"25 to 34","BAo","3544",0.125856744252695,"35 to 44"
"57",1990,"HS","2534",0.277749135455863,"25 to 34","BAo","4554",0.0641652868792311,"45 to 54"
"58",1990,"HS","2534",0.277749135455863,"25 to 34","BAp","2534",0.361296789306803,"25 to 34"
"59",1990,"HS","2534",0.277749135455863,"25 to 34","BAp","3544",0.128517227685652,"35 to 44"
"60",1990,"HS","2534",0.277749135455863,"25 to 34","BAp","4554",0.0730188438300623,"45 to 54"
"61",1990,"HS","3544",0.112100427354988,"35 to 44","BAo","2534",0.365665464230391,"25 to 34"
"62",1990,"HS","3544",0.112100427354988,"35 to 44","BAo","3544",0.125856744252695,"35 to 44"
"63",1990,"HS","3544",0.112100427354988,"35 to 44","BAo","4554",0.0641652868792311,"45 to 54"
"64",1990,"HS","3544",0.112100427354988,"35 to 44","BAp","2534",0.361296789306803,"25 to 34"
"65",1990,"HS","3544",0.112100427354988,"35 to 44","BAp","3544",0.128517227685652,"35 to 44"
"66",1990,"HS","3544",0.112100427354988,"35 to 44","BAp","4554",0.0730188438300623,"45 to 54"
"67",1990,"HS","4554",0.0598824418755747,"45 to 54","BAo","2534",0.365665464230391,"25 to 34"
"68",1990,"HS","4554",0.0598824418755747,"45 to 54","BAo","3544",0.125856744252695,"35 to 44"
"69",1990,"HS","4554",0.0598824418755747,"45 to 54","BAo","4554",0.0641652868792311,"45 to 54"
"70",1990,"HS","4554",0.0598824418755747,"45 to 54","BAp","2534",0.361296789306803,"25 to 34"
"71",1990,"HS","4554",0.0598824418755747,"45 to 54","BAp","3544",0.128517227685652,"35 to 44"
"72",1990,"HS","4554",0.0598824418755747,"45 to 54","BAp","4554",0.0730188438300623,"45 to 54"
"73",2000,"HS","2534",0.33165454225482,"25 to 34","BAo","2534",0.393957934136195,"25 to 34"
"74",2000,"HS","2534",0.33165454225482,"25 to 34","BAo","3544",0.153629862597413,"35 to 44"
"75",2000,"HS","2534",0.33165454225482,"25 to 34","BAo","4554",0.090974724299238,"45 to 54"
"76",2000,"HS","2534",0.33165454225482,"25 to 34","BAp","2534",0.387490564497564,"25 to 34"
"77",2000,"HS","2534",0.33165454225482,"25 to 34","BAp","3544",0.154123816348872,"35 to 44"
"78",2000,"HS","2534",0.33165454225482,"25 to 34","BAp","4554",0.0920841686800982,"45 to 54"
"79",2000,"HS","3544",0.169937032522031,"35 to 44","BAo","2534",0.393957934136195,"25 to 34"
"80",2000,"HS","3544",0.169937032522031,"35 to 44","BAo","3544",0.153629862597413,"35 to 44"
"81",2000,"HS","3544",0.169937032522031,"35 to 44","BAo","4554",0.090974724299238,"45 to 54"
"82",2000,"HS","3544",0.169937032522031,"35 to 44","BAp","2534",0.387490564497564,"25 to 34"
"83",2000,"HS","3544",0.169937032522031,"35 to 44","BAp","3544",0.154123816348872,"35 to 44"
"84",2000,"HS","3544",0.169937032522031,"35 to 44","BAp","4554",0.0920841686800982,"45 to 54"
"85",2000,"HS","4554",0.0944280890847999,"45 to 54","BAo","2534",0.393957934136195,"25 to 34"
"86",2000,"HS","4554",0.0944280890847999,"45 to 54","BAo","3544",0.153629862597413,"35 to 44"
"87",2000,"HS","4554",0.0944280890847999,"45 to 54","BAo","4554",0.090974724299238,"45 to 54"
"88",2000,"HS","4554",0.0944280890847999,"45 to 54","BAp","2534",0.387490564497564,"25 to 34"
"89",2000,"HS","4554",0.0944280890847999,"45 to 54","BAp","3544",0.154123816348872,"35 to 44"
"90",2000,"HS","4554",0.0944280890847999,"45 to 54","BAp","4554",0.0920841686800982,"45 to 54"
"91",2001,"HS","2534",0.344606892628011,"25 to 34","BAo","2534",0.392514840878452,"25 to 34"
"92",2001,"HS","2534",0.344606892628011,"25 to 34","BAo","3544",0.152492291381942,"35 to 44"
"93",2001,"HS","2534",0.344606892628011,"25 to 34","BAo","4554",0.0931347984403595,"45 to 54"
"94",2001,"HS","2534",0.344606892628011,"25 to 34","BAp","2534",0.38356864658908,"25 to 34"
"95",2001,"HS","2534",0.344606892628011,"25 to 34","BAp","3544",0.154815061674055,"35 to 44"
"96",2001,"HS","2534",0.344606892628011,"25 to 34","BAp","4554",0.0933336487530189,"45 to 54"
"97",2001,"HS","3544",0.16870156293102,"35 to 44","BAo","2534",0.392514840878452,"25 to 34"
"98",2001,"HS","3544",0.16870156293102,"35 to 44","BAo","3544",0.152492291381942,"35 to 44"
"99",2001,"HS","3544",0.16870156293102,"35 to 44","BAo","4554",0.0931347984403595,"45 to 54"
"100",2001,"HS","3544",0.16870156293102,"35 to 44","BAp","2534",0.38356864658908,"25 to 34"
"101",2001,"HS","3544",0.16870156293102,"35 to 44","BAp","3544",0.154815061674055,"35 to 44"
"102",2001,"HS","3544",0.16870156293102,"35 to 44","BAp","4554",0.0933336487530189,"45 to 54"
"103",2001,"HS","4554",0.0918900715192046,"45 to 54","BAo","2534",0.392514840878452,"25 to 34"
"104",2001,"HS","4554",0.0918900715192046,"45 to 54","BAo","3544",0.152492291381942,"35 to 44"
"105",2001,"HS","4554",0.0918900715192046,"45 to 54","BAo","4554",0.0931347984403595,"45 to 54"
"106",2001,"HS","4554",0.0918900715192046,"45 to 54","BAp","2534",0.38356864658908,"25 to 34"
"107",2001,"HS","4554",0.0918900715192046,"45 to 54","BAp","3544",0.154815061674055,"35 to 44"
"108",2001,"HS","4554",0.0918900715192046,"45 to 54","BAp","4554",0.0933336487530189,"45 to 54"
"109",2002,"HS","2534",0.349036651115007,"25 to 34","BAo","2534",0.387083979084282,"25 to 34"
"110",2002,"HS","2534",0.349036651115007,"25 to 34","BAo","3544",0.159899212059655,"35 to 44"
"111",2002,"HS","2534",0.349036651115007,"25 to 34","BAo","4554",0.095381242752358,"45 to 54"
"112",2002,"HS","2534",0.349036651115007,"25 to 34","BAp","2534",0.377432795397932,"25 to 34"
"113",2002,"HS","2534",0.349036651115007,"25 to 34","BAp","3544",0.159276404317159,"35 to 44"
"114",2002,"HS","2534",0.349036651115007,"25 to 34","BAp","4554",0.0977463143348189,"45 to 54"
"115",2002,"HS","3544",0.169636083965829,"35 to 44","BAo","2534",0.387083979084282,"25 to 34"
"116",2002,"HS","3544",0.169636083965829,"35 to 44","BAo","3544",0.159899212059655,"35 to 44"
"117",2002,"HS","3544",0.169636083965829,"35 to 44","BAo","4554",0.095381242752358,"45 to 54"
"118",2002,"HS","3544",0.169636083965829,"35 to 44","BAp","2534",0.377432795397932,"25 to 34"
"119",2002,"HS","3544",0.169636083965829,"35 to 44","BAp","3544",0.159276404317159,"35 to 44"
"120",2002,"HS","3544",0.169636083965829,"35 to 44","BAp","4554",0.0977463143348189,"45 to 54"
"121",2002,"HS","4554",0.0964385422818984,"45 to 54","BAo","2534",0.387083979084282,"25 to 34"
"122",2002,"HS","4554",0.0964385422818984,"45 to 54","BAo","3544",0.159899212059655,"35 to 44"
"123",2002,"HS","4554",0.0964385422818984,"45 to 54","BAo","4554",0.095381242752358,"45 to 54"
"124",2002,"HS","4554",0.0964385422818984,"45 to 54","BAp","2534",0.377432795397932,"25 to 34"
"125",2002,"HS","4554",0.0964385422818984,"45 to 54","BAp","3544",0.159276404317159,"35 to 44"
"126",2002,"HS","4554",0.0964385422818984,"45 to 54","BAp","4554",0.0977463143348189,"45 to 54"
"127",2003,"HS","2534",0.358187689511334,"25 to 34","BAo","2534",0.400003914829541,"25 to 34"
"128",2003,"HS","2534",0.358187689511334,"25 to 34","BAo","3544",0.155179500173108,"35 to 44"
"129",2003,"HS","2534",0.358187689511334,"25 to 34","BAo","4554",0.100603909538167,"45 to 54"
"130",2003,"HS","2534",0.358187689511334,"25 to 34","BAp","2534",0.387380587550279,"25 to 34"
"131",2003,"HS","2534",0.358187689511334,"25 to 34","BAp","3544",0.155410646662968,"35 to 44"
"132",2003,"HS","2534",0.358187689511334,"25 to 34","BAp","4554",0.0986236659295011,"45 to 54"
"133",2003,"HS","3544",0.174170086495908,"35 to 44","BAo","2534",0.400003914829541,"25 to 34"
"134",2003,"HS","3544",0.174170086495908,"35 to 44","BAo","3544",0.155179500173108,"35 to 44"
"135",2003,"HS","3544",0.174170086495908,"35 to 44","BAo","4554",0.100603909538167,"45 to 54"
"136",2003,"HS","3544",0.174170086495908,"35 to 44","BAp","2534",0.387380587550279,"25 to 34"
"137",2003,"HS","3544",0.174170086495908,"35 to 44","BAp","3544",0.155410646662968,"35 to 44"
"138",2003,"HS","3544",0.174170086495908,"35 to 44","BAp","4554",0.0986236659295011,"45 to 54"
"139",2003,"HS","4554",0.102394188761345,"45 to 54","BAo","2534",0.400003914829541,"25 to 34"
"140",2003,"HS","4554",0.102394188761345,"45 to 54","BAo","3544",0.155179500173108,"35 to 44"
"141",2003,"HS","4554",0.102394188761345,"45 to 54","BAo","4554",0.100603909538167,"45 to 54"
"142",2003,"HS","4554",0.102394188761345,"45 to 54","BAp","2534",0.387380587550279,"25 to 34"
"143",2003,"HS","4554",0.102394188761345,"45 to 54","BAp","3544",0.155410646662968,"35 to 44"
"144",2003,"HS","4554",0.102394188761345,"45 to 54","BAp","4554",0.0986236659295011,"45 to 54"
"145",2004,"HS","2534",0.370810225466832,"25 to 34","BAo","2534",0.39761241376806,"25 to 34"
"146",2004,"HS","2534",0.370810225466832,"25 to 34","BAo","3544",0.157312267558369,"35 to 44"
"147",2004,"HS","2534",0.370810225466832,"25 to 34","BAo","4554",0.103296501093243,"45 to 54"
"148",2004,"HS","2534",0.370810225466832,"25 to 34","BAp","2534",0.384735737754272,"25 to 34"
"149",2004,"HS","2534",0.370810225466832,"25 to 34","BAp","3544",0.156326679180376,"35 to 44"
"150",2004,"HS","2534",0.370810225466832,"25 to 34","BAp","4554",0.103578793751106,"45 to 54"
"151",2004,"HS","3544",0.182358541611162,"35 to 44","BAo","2534",0.39761241376806,"25 to 34"
"152",2004,"HS","3544",0.182358541611162,"35 to 44","BAo","3544",0.157312267558369,"35 to 44"
"153",2004,"HS","3544",0.182358541611162,"35 to 44","BAo","4554",0.103296501093243,"45 to 54"
"154",2004,"HS","3544",0.182358541611162,"35 to 44","BAp","2534",0.384735737754272,"25 to 34"
"155",2004,"HS","3544",0.182358541611162,"35 to 44","BAp","3544",0.156326679180376,"35 to 44"
"156",2004,"HS","3544",0.182358541611162,"35 to 44","BAp","4554",0.103578793751106,"45 to 54"
"157",2004,"HS","4554",0.107884662439144,"45 to 54","BAo","2534",0.39761241376806,"25 to 34"
"158",2004,"HS","4554",0.107884662439144,"45 to 54","BAo","3544",0.157312267558369,"35 to 44"
"159",2004,"HS","4554",0.107884662439144,"45 to 54","BAo","4554",0.103296501093243,"45 to 54"
"160",2004,"HS","4554",0.107884662439144,"45 to 54","BAp","2534",0.384735737754272,"25 to 34"
"161",2004,"HS","4554",0.107884662439144,"45 to 54","BAp","3544",0.156326679180376,"35 to 44"
"162",2004,"HS","4554",0.107884662439144,"45 to 54","BAp","4554",0.103578793751106,"45 to 54"
"163",2005,"HS","2534",0.387068030631773,"25 to 34","BAo","2534",0.402911610704289,"25 to 34"
"164",2005,"HS","2534",0.387068030631773,"25 to 34","BAo","3544",0.157873061707162,"35 to 44"
"165",2005,"HS","2534",0.387068030631773,"25 to 34","BAo","4554",0.106627734190588,"45 to 54"
"166",2005,"HS","2534",0.387068030631773,"25 to 34","BAp","2534",0.388609649230315,"25 to 34"
"167",2005,"HS","2534",0.387068030631773,"25 to 34","BAp","3544",0.156358906466591,"35 to 44"
"168",2005,"HS","2534",0.387068030631773,"25 to 34","BAp","4554",0.106747463592565,"45 to 54"
"169",2005,"HS","3544",0.186976371158716,"35 to 44","BAo","2534",0.402911610704289,"25 to 34"
"170",2005,"HS","3544",0.186976371158716,"35 to 44","BAo","3544",0.157873061707162,"35 to 44"
"171",2005,"HS","3544",0.186976371158716,"35 to 44","BAo","4554",0.106627734190588,"45 to 54"
"172",2005,"HS","3544",0.186976371158716,"35 to 44","BAp","2534",0.388609649230315,"25 to 34"
"173",2005,"HS","3544",0.186976371158716,"35 to 44","BAp","3544",0.156358906466591,"35 to 44"
"174",2005,"HS","3544",0.186976371158716,"35 to 44","BAp","4554",0.106747463592565,"45 to 54"
"175",2005,"HS","4554",0.114840615808277,"45 to 54","BAo","2534",0.402911610704289,"25 to 34"
"176",2005,"HS","4554",0.114840615808277,"45 to 54","BAo","3544",0.157873061707162,"35 to 44"
"177",2005,"HS","4554",0.114840615808277,"45 to 54","BAo","4554",0.106627734190588,"45 to 54"
"178",2005,"HS","4554",0.114840615808277,"45 to 54","BAp","2534",0.388609649230315,"25 to 34"
"179",2005,"HS","4554",0.114840615808277,"45 to 54","BAp","3544",0.156358906466591,"35 to 44"
"180",2005,"HS","4554",0.114840615808277,"45 to 54","BAp","4554",0.106747463592565,"45 to 54"
"181",2006,"HS","2534",0.431216238752097,"25 to 34","BAo","2534",0.429866786128031,"25 to 34"
"182",2006,"HS","2534",0.431216238752097,"25 to 34","BAo","3544",0.170358397318716,"35 to 44"
"183",2006,"HS","2534",0.431216238752097,"25 to 34","BAo","4554",0.115078628025536,"45 to 54"
"184",2006,"HS","2534",0.431216238752097,"25 to 34","BAp","2534",0.414795952597221,"25 to 34"
"185",2006,"HS","2534",0.431216238752097,"25 to 34","BAp","3544",0.167852910253752,"35 to 44"
"186",2006,"HS","2534",0.431216238752097,"25 to 34","BAp","4554",0.113751073344079,"45 to 54"
"187",2006,"HS","3544",0.220507466989548,"35 to 44","BAo","2534",0.429866786128031,"25 to 34"
"188",2006,"HS","3544",0.220507466989548,"35 to 44","BAo","3544",0.170358397318716,"35 to 44"
"189",2006,"HS","3544",0.220507466989548,"35 to 44","BAo","4554",0.115078628025536,"45 to 54"
"190",2006,"HS","3544",0.220507466989548,"35 to 44","BAp","2534",0.414795952597221,"25 to 34"
"191",2006,"HS","3544",0.220507466989548,"35 to 44","BAp","3544",0.167852910253752,"35 to 44"
"192",2006,"HS","3544",0.220507466989548,"35 to 44","BAp","4554",0.113751073344079,"45 to 54"
"193",2006,"HS","4554",0.138378191752433,"45 to 54","BAo","2534",0.429866786128031,"25 to 34"
"194",2006,"HS","4554",0.138378191752433,"45 to 54","BAo","3544",0.170358397318716,"35 to 44"
"195",2006,"HS","4554",0.138378191752433,"45 to 54","BAo","4554",0.115078628025536,"45 to 54"
"196",2006,"HS","4554",0.138378191752433,"45 to 54","BAp","2534",0.414795952597221,"25 to 34"
"197",2006,"HS","4554",0.138378191752433,"45 to 54","BAp","3544",0.167852910253752,"35 to 44"
"198",2006,"HS","4554",0.138378191752433,"45 to 54","BAp","4554",0.113751073344079,"45 to 54"
"199",2007,"HS","2534",0.444138583513574,"25 to 34","BAo","2534",0.438974986731476,"25 to 34"
"200",2007,"HS","2534",0.444138583513574,"25 to 34","BAo","3544",0.170474439517955,"35 to 44"
"201",2007,"HS","2534",0.444138583513574,"25 to 34","BAo","4554",0.115096268584306,"45 to 54"
"202",2007,"HS","2534",0.444138583513574,"25 to 34","BAp","2534",0.420958618992918,"25 to 34"
"203",2007,"HS","2534",0.444138583513574,"25 to 34","BAp","3544",0.166897000213139,"35 to 44"
"204",2007,"HS","2534",0.444138583513574,"25 to 34","BAp","4554",0.114304270330648,"45 to 54"
"205",2007,"HS","3544",0.225897387792479,"35 to 44","BAo","2534",0.438974986731476,"25 to 34"
"206",2007,"HS","3544",0.225897387792479,"35 to 44","BAo","3544",0.170474439517955,"35 to 44"
"207",2007,"HS","3544",0.225897387792479,"35 to 44","BAo","4554",0.115096268584306,"45 to 54"
"208",2007,"HS","3544",0.225897387792479,"35 to 44","BAp","2534",0.420958618992918,"25 to 34"
"209",2007,"HS","3544",0.225897387792479,"35 to 44","BAp","3544",0.166897000213139,"35 to 44"
"210",2007,"HS","3544",0.225897387792479,"35 to 44","BAp","4554",0.114304270330648,"45 to 54"
"211",2007,"HS","4554",0.140283593194487,"45 to 54","BAo","2534",0.438974986731476,"25 to 34"
"212",2007,"HS","4554",0.140283593194487,"45 to 54","BAo","3544",0.170474439517955,"35 to 44"
"213",2007,"HS","4554",0.140283593194487,"45 to 54","BAo","4554",0.115096268584306,"45 to 54"
"214",2007,"HS","4554",0.140283593194487,"45 to 54","BAp","2534",0.420958618992918,"25 to 34"
"215",2007,"HS","4554",0.140283593194487,"45 to 54","BAp","3544",0.166897000213139,"35 to 44"
"216",2007,"HS","4554",0.140283593194487,"45 to 54","BAp","4554",0.114304270330648,"45 to 54"
"217",2008,"HS","2534",0.459916218901874,"25 to 34","BAo","2534",0.447356751465849,"25 to 34"
"218",2008,"HS","2534",0.459916218901874,"25 to 34","BAo","3544",0.170902356510248,"35 to 44"
"219",2008,"HS","2534",0.459916218901874,"25 to 34","BAo","4554",0.120504294962041,"45 to 54"
"220",2008,"HS","2534",0.459916218901874,"25 to 34","BAp","2534",0.429751015157523,"25 to 34"
"221",2008,"HS","2534",0.459916218901874,"25 to 34","BAp","3544",0.169040748501511,"35 to 44"
"222",2008,"HS","2534",0.459916218901874,"25 to 34","BAp","4554",0.118247026922149,"45 to 54"
"223",2008,"HS","3544",0.235305485409925,"35 to 44","BAo","2534",0.447356751465849,"25 to 34"
"224",2008,"HS","3544",0.235305485409925,"35 to 44","BAo","3544",0.170902356510248,"35 to 44"
"225",2008,"HS","3544",0.235305485409925,"35 to 44","BAo","4554",0.120504294962041,"45 to 54"
"226",2008,"HS","3544",0.235305485409925,"35 to 44","BAp","2534",0.429751015157523,"25 to 34"
"227",2008,"HS","3544",0.235305485409925,"35 to 44","BAp","3544",0.169040748501511,"35 to 44"
"228",2008,"HS","3544",0.235305485409925,"35 to 44","BAp","4554",0.118247026922149,"45 to 54"
"229",2008,"HS","4554",0.153727207956101,"45 to 54","BAo","2534",0.447356751465849,"25 to 34"
"230",2008,"HS","4554",0.153727207956101,"45 to 54","BAo","3544",0.170902356510248,"35 to 44"
"231",2008,"HS","4554",0.153727207956101,"45 to 54","BAo","4554",0.120504294962041,"45 to 54"
"232",2008,"HS","4554",0.153727207956101,"45 to 54","BAp","2534",0.429751015157523,"25 to 34"
"233",2008,"HS","4554",0.153727207956101,"45 to 54","BAp","3544",0.169040748501511,"35 to 44"
"234",2008,"HS","4554",0.153727207956101,"45 to 54","BAp","4554",0.118247026922149,"45 to 54"
"235",2009,"HS","2534",0.484501840828203,"25 to 34","BAo","2534",0.474376846497738,"25 to 34"
"236",2009,"HS","2534",0.484501840828203,"25 to 34","BAo","3544",0.167307858618052,"35 to 44"
"237",2009,"HS","2534",0.484501840828203,"25 to 34","BAo","4554",0.119367654505953,"45 to 54"
"238",2009,"HS","2534",0.484501840828203,"25 to 34","BAp","2534",0.451814053670451,"25 to 34"
"239",2009,"HS","2534",0.484501840828203,"25 to 34","BAp","3544",0.165028183014873,"35 to 44"
"240",2009,"HS","2534",0.484501840828203,"25 to 34","BAp","4554",0.118585618598951,"45 to 54"
"241",2009,"HS","3544",0.246810174729439,"35 to 44","BAo","2534",0.474376846497738,"25 to 34"
"242",2009,"HS","3544",0.246810174729439,"35 to 44","BAo","3544",0.167307858618052,"35 to 44"
"243",2009,"HS","3544",0.246810174729439,"35 to 44","BAo","4554",0.119367654505953,"45 to 54"
"244",2009,"HS","3544",0.246810174729439,"35 to 44","BAp","2534",0.451814053670451,"25 to 34"
"245",2009,"HS","3544",0.246810174729439,"35 to 44","BAp","3544",0.165028183014873,"35 to 44"
"246",2009,"HS","3544",0.246810174729439,"35 to 44","BAp","4554",0.118585618598951,"45 to 54"
"247",2009,"HS","4554",0.157525254069592,"45 to 54","BAo","2534",0.474376846497738,"25 to 34"
"248",2009,"HS","4554",0.157525254069592,"45 to 54","BAo","3544",0.167307858618052,"35 to 44"
"249",2009,"HS","4554",0.157525254069592,"45 to 54","BAo","4554",0.119367654505953,"45 to 54"
"250",2009,"HS","4554",0.157525254069592,"45 to 54","BAp","2534",0.451814053670451,"25 to 34"
"251",2009,"HS","4554",0.157525254069592,"45 to 54","BAp","3544",0.165028183014873,"35 to 44"
"252",2009,"HS","4554",0.157525254069592,"45 to 54","BAp","4554",0.118585618598951,"45 to 54"
"253",2010,"HS","2534",0.494222139562898,"25 to 34","BAo","2534",0.476812962167321,"25 to 34"
"254",2010,"HS","2534",0.494222139562898,"25 to 34","BAo","3544",0.171205669819733,"35 to 44"
"255",2010,"HS","2534",0.494222139562898,"25 to 34","BAo","4554",0.121219916534441,"45 to 54"
"256",2010,"HS","2534",0.494222139562898,"25 to 34","BAp","2534",0.456100461806149,"25 to 34"
"257",2010,"HS","2534",0.494222139562898,"25 to 34","BAp","3544",0.166887177155155,"35 to 44"
"258",2010,"HS","2534",0.494222139562898,"25 to 34","BAp","4554",0.119444270147458,"45 to 54"
"259",2010,"HS","3544",0.252517645823876,"35 to 44","BAo","2534",0.476812962167321,"25 to 34"
"260",2010,"HS","3544",0.252517645823876,"35 to 44","BAo","3544",0.171205669819733,"35 to 44"
"261",2010,"HS","3544",0.252517645823876,"35 to 44","BAo","4554",0.121219916534441,"45 to 54"
"262",2010,"HS","3544",0.252517645823876,"35 to 44","BAp","2534",0.456100461806149,"25 to 34"
"263",2010,"HS","3544",0.252517645823876,"35 to 44","BAp","3544",0.166887177155155,"35 to 44"
"264",2010,"HS","3544",0.252517645823876,"35 to 44","BAp","4554",0.119444270147458,"45 to 54"
"265",2010,"HS","4554",0.163883155196277,"45 to 54","BAo","2534",0.476812962167321,"25 to 34"
"266",2010,"HS","4554",0.163883155196277,"45 to 54","BAo","3544",0.171205669819733,"35 to 44"
"267",2010,"HS","4554",0.163883155196277,"45 to 54","BAo","4554",0.121219916534441,"45 to 54"
"268",2010,"HS","4554",0.163883155196277,"45 to 54","BAp","2534",0.456100461806149,"25 to 34"
"269",2010,"HS","4554",0.163883155196277,"45 to 54","BAp","3544",0.166887177155155,"35 to 44"
"270",2010,"HS","4554",0.163883155196277,"45 to 54","BAp","4554",0.119444270147458,"45 to 54"
"271",2011,"HS","2534",0.511570323560324,"25 to 34","BAo","2534",0.490160190660785,"25 to 34"
"272",2011,"HS","2534",0.511570323560324,"25 to 34","BAo","3544",0.173477830948614,"35 to 44"
"273",2011,"HS","2534",0.511570323560324,"25 to 34","BAo","4554",0.121482189939903,"45 to 54"
"274",2011,"HS","2534",0.511570323560324,"25 to 34","BAp","2534",0.465824578942811,"25 to 34"
"275",2011,"HS","2534",0.511570323560324,"25 to 34","BAp","3544",0.166955507591229,"35 to 44"
"276",2011,"HS","2534",0.511570323560324,"25 to 34","BAp","4554",0.120710895530634,"45 to 54"
"277",2011,"HS","3544",0.262679635633146,"35 to 44","BAo","2534",0.490160190660785,"25 to 34"
"278",2011,"HS","3544",0.262679635633146,"35 to 44","BAo","3544",0.173477830948614,"35 to 44"
"279",2011,"HS","3544",0.262679635633146,"35 to 44","BAo","4554",0.121482189939903,"45 to 54"
"280",2011,"HS","3544",0.262679635633146,"35 to 44","BAp","2534",0.465824578942811,"25 to 34"
"281",2011,"HS","3544",0.262679635633146,"35 to 44","BAp","3544",0.166955507591229,"35 to 44"
"282",2011,"HS","3544",0.262679635633146,"35 to 44","BAp","4554",0.120710895530634,"45 to 54"
"283",2011,"HS","4554",0.169826341947172,"45 to 54","BAo","2534",0.490160190660785,"25 to 34"
"284",2011,"HS","4554",0.169826341947172,"45 to 54","BAo","3544",0.173477830948614,"35 to 44"
"285",2011,"HS","4554",0.169826341947172,"45 to 54","BAo","4554",0.121482189939903,"45 to 54"
"286",2011,"HS","4554",0.169826341947172,"45 to 54","BAp","2534",0.465824578942811,"25 to 34"
"287",2011,"HS","4554",0.169826341947172,"45 to 54","BAp","3544",0.166955507591229,"35 to 44"
"288",2011,"HS","4554",0.169826341947172,"45 to 54","BAp","4554",0.120710895530634,"45 to 54"
"289",2012,"HS","2534",0.523521184026009,"25 to 34","BAo","2534",0.502262130262587,"25 to 34"
"290",2012,"HS","2534",0.523521184026009,"25 to 34","BAo","3544",0.173716886220362,"35 to 44"
"291",2012,"HS","2534",0.523521184026009,"25 to 34","BAo","4554",0.120447626486637,"45 to 54"
"292",2012,"HS","2534",0.523521184026009,"25 to 34","BAp","2534",0.476635679670899,"25 to 34"
"293",2012,"HS","2534",0.523521184026009,"25 to 34","BAp","3544",0.166759409892454,"35 to 44"
"294",2012,"HS","2534",0.523521184026009,"25 to 34","BAp","4554",0.119636148920763,"45 to 54"
"295",2012,"HS","3544",0.268756070958951,"35 to 44","BAo","2534",0.502262130262587,"25 to 34"
"296",2012,"HS","3544",0.268756070958951,"35 to 44","BAo","3544",0.173716886220362,"35 to 44"
"297",2012,"HS","3544",0.268756070958951,"35 to 44","BAo","4554",0.120447626486637,"45 to 54"
"298",2012,"HS","3544",0.268756070958951,"35 to 44","BAp","2534",0.476635679670899,"25 to 34"
"299",2012,"HS","3544",0.268756070958951,"35 to 44","BAp","3544",0.166759409892454,"35 to 44"
"300",2012,"HS","3544",0.268756070958951,"35 to 44","BAp","4554",0.119636148920763,"45 to 54"
"301",2012,"HS","4554",0.170317392695389,"45 to 54","BAo","2534",0.502262130262587,"25 to 34"
"302",2012,"HS","4554",0.170317392695389,"45 to 54","BAo","3544",0.173716886220362,"35 to 44"
"303",2012,"HS","4554",0.170317392695389,"45 to 54","BAo","4554",0.120447626486637,"45 to 54"
"304",2012,"HS","4554",0.170317392695389,"45 to 54","BAp","2534",0.476635679670899,"25 to 34"
"305",2012,"HS","4554",0.170317392695389,"45 to 54","BAp","3544",0.166759409892454,"35 to 44"
"306",2012,"HS","4554",0.170317392695389,"45 to 54","BAp","4554",0.119636148920763,"45 to 54"
